﻿pos_x,pos_y,rotation,side,designator,mpn,pack,value,mount_type,place
50.0,50.0,0.0,top,H1,,MountingHole_3.2mm_M3,MountingHole,tht,True
4.0,50.0,0.0,top,H2,,MountingHole_3.2mm_M3,MountingHole,tht,True
4.0,4.0,0.0,top,H3,,MountingHole_3.2mm_M3,MountingHole,tht,True
50.0,4.0,0.0,top,H4,,MountingHole_3.2mm_M3,MountingHole,tht,True
6.7,25.85,0.0,top,J1,,PinHeader_2x05_P1.27mm_Vertical_SMD,9-pin Cortex-M,smt,True
10.375,34.4,180.0,top,J2,,PinHeader_1x03_P2.54mm_Horizontal,Conn_01x03_Pin,tht,True
16.1875,41.3,0.0,top,R1,,R_0603_1608Metric_Pad0.98x0.95mm_HandSolder,10,smt,True
16.1875,43.9,0.0,top,R2,,R_0603_1608Metric_Pad0.98x0.95mm_HandSolder,10,smt,True
16.5,38.8,0.0,top,R3,,R_0603_1608Metric_Pad0.98x0.95mm_HandSolder,10,smt,True
16.5,36.3,0.0,top,R4,,R_0603_1608Metric_Pad0.98x0.95mm_HandSolder,10,smt,True
2.75,17.25,0.0,top,SW1,,SW_PUSH_6mm,RESET,tht,True
31.0,27.4,0.0,top,U1,,RPi_Pico_SMD_TH,Pico,tht,True
